Time (%),Total Time (ns),Instances,Avg (ns),Med (ns),Min (ns),Max (ns),StdDev (ns),Name
23.7,54743672928,7975,6864410.4,5267520.0,325248,44739296,7029150.3,nvjet_sm121_tst_mma_128x208x64_2_32x104x64_tmaAB_bz_TNNN
13.3,30838723904,4248,7259586.6,4431120.0,478880,41144864,8120037.2,nvjet_sm121_tst_mma_128x208x64_2_32x104x64_tmaAB_bz_NNNN
12.1,27859461696,720,38693696.8,11969920.0,1061696,209088128,57472171.3,"void pytorch_flash::flash_bwd_dq_dk_dv_loop_seqk_parallel_kernel<Flash_bwd_kernel_traits<(int)128, (int)64, (int)64, (int)8, (int)4, (int)2, (int)2, (bool)1, (bool)0, cutlass::bfloat16_t, Flash_kernel_traits<(int)128, (int)64, (int)64, (int)8, cutlass::bfloat16_t>>, (bool)0, (bool)1, (bool)0, (bool)0, (bool)0, (bool)1, (bool)0>(pytorch_flash::Flash_bwd_params)"
10.6,24394834592,4039,6039820.4,5175744.0,254560,24233408,4633346.8,void cutlass::Kernel2<cutlass_80_tensorop_bf16_s16816gemm_relu_bf16_128x256_32x3_nt_align8>(T1::Params)
9.5,21941217262,1440,15236956.4,4938832.0,508608,84000352,22347396.3,"void pytorch_flash::flash_fwd_kernel<Flash_fwd_kernel_traits<(int)128, (int)128, (int)64, (int)4, (bool)0, (bool)0, cutlass::bfloat16_t, Flash_kernel_traits<(int)128, (int)128, (int)64, (int)4, cutlass::bfloat16_t>>, (bool)0, (bool)1, (bool)0, (bool)0, (bool)0, (bool)1, (bool)0, (bool)0>(pytorch_flash::Flash_fwd_params)"
5.4,12522983552,1190,10523515.6,10535376.0,10135616,11506080,194551.9,"void at::native::unrolled_elementwise_kernel<at::native::CUDAFunctor_add<float>, std::array<char *, (unsigned long)3>, (int)4, TrivialOffsetCalculator<(int)2, unsigned int>, TrivialOffsetCalculator<(int)1, unsigned int>, at::native::memory::LoadWithCast<(int)2>, at::native::memory::StoreWithCast<(int)1>>(int, T1, T2, T4, T5, T6, T7)"
4.0,9296511744,1210,7683067.6,7776800.0,2240,9289056,1046681.5,"void at::native::unrolled_elementwise_kernel<at::native::direct_copy_kernel_cuda(at::TensorIteratorBase &)::[lambda() (instance 3)]::operator ()() const::[lambda() (instance 7)]::operator ()() const::[lambda(float) (instance 1)], std::array<char *, (unsigned long)2>, (int)4, TrivialOffsetCalculator<(int)1, unsigned int>, TrivialOffsetCalculator<(int)1, unsigned int>, at::native::memory::LoadWithCast<(int)1>, at::native::memory::StoreWithCast<(int)1>>(int, T1, T2, T4, T5, T6, T7)"
3.9,9058818016,372,24351661.3,29513568.0,6181824,56247968,15905121.5,nvjet_sm121_tst_mma_128x208x64_2_32x104x64_tmaAB_bz_NTNN
3.8,8791758391,11745,748553.3,507552.0,1184,16256064,1036948.4,"void at::native::vectorized_elementwise_kernel<(int)4, at::native::CUDAFunctor_add<c10::BFloat16>, std::array<char *, (unsigned long)3>>(int, T2, T3)"
1.9,4444494816,1440,3086454.7,2173024.0,613152,9127200,2363126.1,_swiglu_forward_kernel
1.7,3890805696,720,5403896.8,3781312.0,1084992,15990496,4148557.9,_swiglu_backward_kernel
1.3,3085954976,1635,1887434.2,1220608.0,3168,47108928,3831192.2,"void kOptimizerStatic8bit2StateBlockwise<__nv_bfloat16, (int)0, (int)256, (int)1>(T1 *, T1 *, unsigned char *, unsigned char *, float, float, float, float, float, int, float, float *, float *, float *, float *, float, float, bool, int)"
0.9,2158498432,643,3356918.2,411808.0,207008,9192512,3413181.8,void cutlass::Kernel2<cutlass_80_tensorop_bf16_s16816gemm_relu_bf16_256x128_32x3_nn_align8>(T1::Params)
0.9,1969048832,3260,604002.7,449312.0,24544,2182976,525701.0,_rms_norm_forward_kernel
0.8,1935254656,2160,895951.2,620464.0,146016,2813920,704925.3,_triton_rope
0.8,1783049728,156,11429805.9,10767744.0,9910560,20840320,1627085.9,nvjet_sm121_tst_mma_256x128x64_2_64x64x64_tmaAB_bz_NNNN
0.7,1635737600,1640,997401.0,711104.0,208576,3348352,812775.2,_rms_norm_backward_kernel
0.6,1357649920,936,1450480.7,1055456.0,653984,3557472,798827.1,nvjet_sm121_tst_mma_128x128x64_3_32x64x64_tmaAB_bz_NTNN
0.5,1157409216,2520,459289.4,299696.0,50816,2400928,467198.9,_block_rms_norm_forward_kernel
0.5,1142158112,720,1586330.7,1091760.0,303168,5040832,1246643.2,"void pytorch_flash::flash_bwd_dot_do_o_kernel<(bool)1, Flash_bwd_kernel_traits<(int)128, (int)64, (int)64, (int)8, (int)4, (int)2, (int)2, (bool)1, (bool)0, cutlass::bfloat16_t, Flash_kernel_traits<(int)128, (int)64, (int)64, (int)8, cutlass::bfloat16_t>>>(pytorch_flash::Flash_bwd_params)"
0.5,1058010304,1260,839690.7,553728.0,132704,3910496,814969.8,_block_rms_norm_backward_kernel
0.4,863428608,432,1998677.3,1582656.0,508512,7010816,1465077.5,void cutlass::Kernel2<cutlass_80_tensorop_bf16_s16816gemm_relu_bf16_128x256_32x3_nn_align8>(T1::Params)
0.4,837270048,720,1162875.1,811664.0,230624,3446560,888137.7,"void pytorch_flash::flash_bwd_convert_dq_kernel<Flash_bwd_kernel_traits<(int)128, (int)64, (int)64, (int)8, (int)4, (int)2, (int)2, (bool)1, (bool)0, cutlass::bfloat16_t, Flash_kernel_traits<(int)128, (int)64, (int)64, (int)8, cutlass::bfloat16_t>>>(pytorch_flash::Flash_bwd_params, int)"
0.3,636184672,115,5532040.6,5401216.0,5262784,6266816,248873.1,nvjet_sm121_tst_mma_128x160x32_5_32x80x32_tmaAB_bz_NNNN
0.3,626913568,720,870713.3,796000.0,562656,1878720,299275.1,nvjet_sm121_tst_mma_256x112x64_2_64x56x64_tmaAB_bz_TNNN
0.3,607419904,252,2410396.4,1228608.0,1098496,8626432,1512468.3,nvjet_sm121_tst_mma_192x176x64_2_48x88x64_tmaAB_bz_TNNN
0.3,598208480,1440,415422.6,297680.0,80192,1192288,305840.0,"void at::native::reduce_kernel<(int)128, (int)4, at::native::ReduceOp<c10::BFloat16, at::native::func_wrapper_t<c10::BFloat16, at::native::sum_functor<c10::BFloat16, float, c10::BFloat16>::operator ()(at::TensorIterator &)::[lambda(float, float) (instance 1)]>, unsigned int, c10::BFloat16, (int)4, (int)8>>(T3)"
0.2,399555968,595,671522.6,484928.0,49120,2853760,578270.4,liger_cross_entropy_kernel
0.1,345055168,864,399369.4,391552.0,207360,903360,109140.3,nvjet_sm121_tst_mma_128x176x64_2_32x88x64_tmaAB_bz_TNNN
0.1,268799584,60,4479993.1,6349072.0,65760,7284384,2921080.9,"void at::native::vectorized_elementwise_kernel<(int)4, at::native::FillFunctor<c10::BFloat16>, std::array<char *, (unsigned long)1>>(int, T2, T3)"
0.1,219676352,144,1525530.2,1472704.0,1404640,1978720,137994.7,nvjet_sm121_tst_mma_192x144x64_2_48x72x64_tmaAB_bz_TNNN
0.1,217597024,40,5439925.6,6013152.0,123264,10916960,4816660.4,element_mul_kernel
0.1,213763648,38,5625359.2,5571856.0,5520768,5995392,122432.5,nvjet_sm121_tst_mma_128x96x64_3_64x24x64_tmaAB_splitK_NNNN
0.0,92751232,216,429403.9,439376.0,300448,778368,97633.9,nvjet_sm121_tst_mma_128x176x64_2_32x88x64_tmaAB_bz_NTNN
0.0,83189184,654,127200.6,74064.0,736,3521792,276835.0,"void at::native::vectorized_elementwise_kernel<(int)4, at::native::FillFunctor<unsigned char>, std::array<char *, (unsigned long)1>>(int, T2, T3)"
0.0,19067360,18,1059297.8,788928.0,349248,2836672,744484.8,"void at::native::<unnamed>::compute_grad_weight<c10::BFloat16, long>(const T2 *, const T1 *, const T2 *, long, long, const T2 *, const long *, at::AccumulateType<T1, (bool)1>::type *, long)"
0.0,16543904,2900,5704.8,5632.0,4000,56736,3098.8,"void at::native::reduce_kernel<(int)128, (int)4, at::native::ReduceOp<float, at::native::func_wrapper_t<float, at::native::sum_functor<float, float, float>::operator ()(at::TensorIterator &)::[lambda(float, float) (instance 1)]>, unsigned int, float, (int)4, (int)4>>(T3)"
0.0,15365216,72,213405.8,215904.0,194880,277312,17017.0,void cutlass::Kernel2<cutlass_80_tensorop_bf16_s16816gemm_relu_bf16_256x128_32x3_nt_align8>(T1::Params)
0.0,11661728,18,647873.8,522976.0,247136,1496256,395981.2,"void at::native::<unnamed>::sum_and_scatter<c10::BFloat16, long>(const T2 *, T1 *, long, const T2 *, const long *, const at::AccumulateType<T1, (bool)1>::type *, const T2 *, const long *, long, long)"
0.0,10456640,2,5228320.0,5228320.0,5099136,5357504,182693.8,nvjet_sm121_tst_mma_128x96x64_3_64x24x64_tmaAB_bz_NNNN
0.0,9247584,20,462379.2,351008.0,108000,1438112,369817.7,"void at::native::vectorized_gather_kernel<(int)16, long>(char *, char *, T2 *, int, long, long, long, long, bool)"
0.0,6972800,1,6972800.0,6972800.0,6972800,6972800,0.0,nvjet_sm121_tst_mma_128x128x64_3_32x64x64_tmaAB_bz_NNNN
0.0,4655007,2940,1583.3,1120.0,864,104512,4707.5,"void at::native::vectorized_elementwise_kernel<(int)4, at::native::bfloat16_copy_kernel_cuda(at::TensorIteratorBase &)::[lambda(float) (instance 1)], std::array<char *, (unsigned long)2>>(int, T2, T3)"
0.0,2878464,838,3434.9,2128.0,768,56224,4517.9,"void at::native::vectorized_elementwise_kernel<(int)4, at::native::FillFunctor<float>, std::array<char *, (unsigned long)1>>(int, T2, T3)"
0.0,1523872,360,4233.0,4256.0,3648,10368,483.7,"void kOptimizer32bit2State<__nv_bfloat16, (int)0>(T1 *, T1 *, float *, float *, float *, float, float, float, float, float, float, float, float, int, float, float, bool, int)"
0.0,1187584,40,29689.6,20240.0,6240,111968,25285.9,"void at::native::vectorized_elementwise_kernel<(int)4, at::native::AUnaryFunctor<float, float, float, at::native::binary_internal::MulFunctor<float>>, std::array<char *, (unsigned long)2>>(int, T2, T3)"
0.0,921152,144,6396.9,5600.0,4544,30848,3683.1,"void at_cuda_detail::cub::detail::radix_sort::DeviceRadixSortOnesweepKernel<at_cuda_detail::cub::detail::radix::policy_hub<long, at::cuda::cub::detail::OpaqueType<(int)8>, unsigned long long>::Policy1000, (at_cuda_detail::cub::SortOrder)0, long, at::cuda::cub::detail::OpaqueType<(int)8>, unsigned long long, int, int, at_cuda_detail::cub::detail::identity_decomposer_t>(T7 *, T7 *, T5 *, const T5 *, T3 *, const T3 *, T4 *, const T4 *, T6, int, int, T8)"
0.0,898880,2,449440.0,449440.0,291840,607040,222880.1,"void at::native::<unnamed>::embedding_backward_feature_kernel<c10::BFloat16, float, long>(const T3 *, const T1 *, T1 *, int, long, int)"
0.0,671232,20,33561.6,11728.0,3904,125760,43081.1,"void at::native::vectorized_elementwise_kernel<(int)4, at::native::sin_kernel_cuda(at::TensorIteratorBase &)::[lambda() (instance 2)]::operator ()() const::[lambda() (instance 2)]::operator ()() const::[lambda(float) (instance 1)], std::array<char *, (unsigned long)2>>(int, T2, T3)"
0.0,655328,20,32766.4,22624.0,7136,86176,24441.4,"void at::native::<unnamed>::CatArrayBatchedCopy<at::native::<unnamed>::OpaqueType<(unsigned int)4>, unsigned int, (int)3, (int)64, (int)64>(T1 *, at::native::<unnamed>::CatArrInputTensorMetadata<T1, T2, T4, T5>, at::native::<unnamed>::TensorSizeStride<T2, (unsigned int)4>, int, T2)"
0.0,581312,20,29065.6,19552.0,9920,95488,23660.6,"void at::native::vectorized_elementwise_kernel<(int)4, at::native::cos_kernel_cuda(at::TensorIteratorBase &)::[lambda() (instance 2)]::operator ()() const::[lambda() (instance 2)]::operator ()() const::[lambda(float) (instance 1)], std::array<char *, (unsigned long)2>>(int, T2, T3)"
0.0,407008,20,20350.4,16432.0,4864,49920,13043.3,"void gemmk1_kernel<int, float, (int)256, (int)5, (bool)0, (bool)0, (bool)0, (bool)0, cublasGemvTensorStridedBatched<const float>, cublasGemvTensorStridedBatched<const float>, cublasGemvTensorStridedBatched<float>, float, (int)0>(cublasGemmk1Params<T2, T9, T10, T11, T12, biasType<T11::value_type, T12>::type>)"
0.0,404704,38,10650.1,10304.0,8384,23360,2178.8,"void cublasLt::splitKreduce_kernel<(int)32, (int)16, int, float, __nv_bfloat16, float, __nv_bfloat16, (bool)0, float, __nv_bfloat16, __nv_bfloat16, (bool)1, (bool)0, (bool)0, (bool)0>(cublasLt::cublasSplitKParams<T6>, const T4 *, const T10 *, T9 *, T5 *, const T6 *, const T6 *, const T11 *, const T4 *, T11 *, void *, long, T6 *, int *, T6 *, T6 *, const T6 *, const T6 *, const T6 *, const T6 *, const T6 *)"
0.0,334016,105,3181.1,2784.0,1664,11744,1718.6,"void at::native::reduce_kernel<(int)512, (int)1, at::native::ReduceOp<long, at::native::func_wrapper_t<long, at::native::sum_functor<long, long, long>::operator ()(at::TensorIterator &)::[lambda(long, long) (instance 1)]>, unsigned int, long, (int)4, (int)4>>(T3)"
0.0,173536,60,2892.3,2224.0,1888,6496,1155.3,"void at::native::unrolled_elementwise_kernel<at::native::direct_copy_kernel_cuda(at::TensorIteratorBase &)::[lambda() (instance 3)]::operator ()() const::[lambda() (instance 4)]::operator ()() const::[lambda(long) (instance 1)], std::array<char *, (unsigned long)2>, (int)4, TrivialOffsetCalculator<(int)1, unsigned int>, TrivialOffsetCalculator<(int)1, unsigned int>, at::native::memory::LoadWithCast<(int)1>, at::native::memory::StoreWithCast<(int)1>>(int, T1, T2, T4, T5, T6, T7)"
0.0,149184,25,5967.4,5568.0,1984,11648,2952.6,"void at::native::reduce_kernel<(int)512, (int)1, at::native::ReduceOp<float, at::native::func_wrapper_t<float, at::native::sum_functor<float, float, float>::operator ()(at::TensorIterator &)::[lambda(float, float) (instance 1)]>, unsigned int, float, (int)4, (int)4>>(T3)"
0.0,124416,18,6912.0,5648.0,4224,15616,3233.0,"void at_cuda_detail::cub::detail::unique_by_key::DeviceUniqueByKeySweepKernel<at_cuda_detail::cub::detail::unique_by_key::policy_hub<long, int>::Policy1000, const long *, thrust::THRUST_300001_SM_800_900_1000_1100_1200_NS::counting_iterator<int, thrust::THRUST_300001_SM_800_900_1000_1100_1200_NS::use_default, thrust::THRUST_300001_SM_800_900_1000_1100_1200_NS::use_default, thrust::THRUST_300001_SM_800_900_1000_1100_1200_NS::use_default>, long *, long *, long *, at_cuda_detail::cub::ScanTileState<unsigned long long, (bool)1>, cuda::std::__4::equal_to<void>, unsigned long long, at_cuda_detail::cub::detail::unique_by_key::VSMemHelper>(T2, T3, T4, T5, T6, T7, T8, T9, int, at_cuda_detail::cub::detail::vsmem_t)"
0.0,119200,80,1490.0,1312.0,1024,8416,995.3,"void at::native::vectorized_elementwise_kernel<(int)2, at::native::CUDAFunctor_add<long>, std::array<char *, (unsigned long)3>>(int, T2, T3)"
0.0,116224,40,2905.6,1440.0,1120,7552,2215.7,"void at::native::vectorized_elementwise_kernel<(int)4, at::native::AUnaryFunctor<long, long, bool, at::native::<unnamed>::CompareEqFunctor<long>>, std::array<char *, (unsigned long)2>>(int, T2, T3)"
0.0,93184,40,2329.6,1440.0,1056,21824,3289.1,"void at::native::vectorized_elementwise_kernel<(int)2, at::native::CUDAFunctorOnSelf_add<long>, std::array<char *, (unsigned long)2>>(int, T2, T3)"
0.0,78080,38,2054.7,1520.0,736,12416,2067.6,"void <unnamed>::elementwise_kernel_with_index<int, at::native::arange_cuda_out(const c10::Scalar &, const c10::Scalar &, const c10::Scalar &, at::Tensor &)::[lambda() (instance 1)]::operator ()() const::[lambda() (instance 4)]::operator ()() const::[lambda(long) (instance 1)]>(T1, T2, function_traits<T2>::result_type *)"
0.0,75840,18,4213.3,3296.0,3008,10080,1874.0,"void at_cuda_detail::cub::detail::radix_sort::DeviceRadixSortHistogramKernel<at_cuda_detail::cub::detail::radix::policy_hub<long, at::cuda::cub::detail::OpaqueType<(int)8>, unsigned long long>::Policy1000, (at_cuda_detail::cub::SortOrder)0, long, unsigned long long, at_cuda_detail::cub::detail::identity_decomposer_t>(T4 *, const T3 *, T4, int, int, T5)"
0.0,72256,20,3612.8,3488.0,2176,6752,816.2,"void at::native::unrolled_elementwise_kernel<at::native::direct_copy_kernel_cuda(at::TensorIteratorBase &)::[lambda() (instance 3)]::operator ()() const::[lambda() (instance 11)]::operator ()() const::[lambda(bool) (instance 1)], std::array<char *, (unsigned long)2>, (int)4, TrivialOffsetCalculator<(int)1, unsigned int>, TrivialOffsetCalculator<(int)1, unsigned int>, at::native::memory::LoadWithCast<(int)1>, at::native::memory::StoreWithCast<(int)1>>(int, T1, T2, T4, T5, T6, T7)"
0.0,72064,40,1801.6,1312.0,1056,13504,2092.4,"void at::native::vectorized_elementwise_kernel<(int)4, at::native::BUnaryFunctor<float, float, float, at::native::binary_internal::MulFunctor<float>>, std::array<char *, (unsigned long)2>>(int, T2, T3)"
0.0,71040,18,3946.7,3024.0,2656,14240,2671.6,"void at_cuda_detail::cub::detail::scan::DeviceScanKernel<at_cuda_detail::cub::detail::scan::policy_hub<long, long, long, unsigned int, at::cuda::cub::<unnamed>::SumOp<long>>::Policy1000, const long *, long *, at_cuda_detail::cub::ScanTileState<long, (bool)1>, at::cuda::cub::<unnamed>::SumOp<long>, at_cuda_detail::cub::detail::InputValue<long, long *>, unsigned int, long, (bool)0, long>(T2, T3, T4, int, T5, T6, T7)"
0.0,67904,30,2263.5,1568.0,832,6080,1578.3,"void at::native::vectorized_elementwise_kernel<(int)2, at::native::FillFunctor<long>, std::array<char *, (unsigned long)1>>(int, T2, T3)"
0.0,56512,18,3139.6,1936.0,1440,14208,2989.3,"void at::native::<unnamed>::krn_partial_segment_offset<long>(T1 *, const T1 *, const T1 *, const T1 *, const long *)"
0.0,54176,20,2708.8,2016.0,1568,5408,1192.0,"void at::native::unrolled_elementwise_kernel<at::native::AUnaryFunctor<long, long, bool, at::native::<unnamed>::CompareEqFunctor<long>>, std::array<char *, (unsigned long)2>, (int)4, TrivialOffsetCalculator<(int)1, unsigned int>, TrivialOffsetCalculator<(int)1, unsigned int>, at::native::memory::LoadWithoutCast, at::native::memory::StoreWithoutCast>(int, T1, T2, T4, T5, T6, T7)"
0.0,40480,18,2248.9,1184.0,1056,17984,3966.9,"void at_cuda_detail::cub::detail::radix_sort::DeviceRadixSortExclusiveSumKernel<at_cuda_detail::cub::detail::radix::policy_hub<long, at::cuda::cub::detail::OpaqueType<(int)8>, unsigned long long>::Policy1000, unsigned long long>(T2 *)"
0.0,36352,18,2019.6,1616.0,1376,5760,1121.1,"void at::native::<unnamed>::krn_partials_per_segment<long>(T1 *, const T1 *, const long *, long)"
0.0,35200,20,1760.0,1376.0,1280,5376,1083.7,"void at::native::vectorized_elementwise_kernel<(int)4, at::native::BinaryFunctor<float, float, bool, at::native::<unnamed>::CompareEqFunctor<float>>, std::array<char *, (unsigned long)3>>(int, T2, T3)"
0.0,34752,18,1930.7,1600.0,1568,4096,716.0,"void at_cuda_detail::cub::detail::scan::DeviceCompactInitKernel<at_cuda_detail::cub::ScanTileState<unsigned long long, (bool)1>, long *>(T1, int, T2)"
0.0,28320,15,1888.0,1408.0,1280,3808,963.0,"void at::native::vectorized_elementwise_kernel<(int)4, at::native::CUDAFunctor_add<float>, std::array<char *, (unsigned long)3>>(int, T2, T3)"
0.0,26144,18,1452.4,1280.0,1120,3648,600.2,"void at::native::<unnamed>::compute_num_of_partial_segments<long>(const T1 *, const T1 *, const long *, long *)"
0.0,19136,5,3827.2,1344.0,1280,11776,4536.7,"void at::native::vectorized_elementwise_kernel<(int)4, at::native::CUDAFunctorOnSelf_add<float>, std::array<char *, (unsigned long)2>>(int, T2, T3)"
0.0,18208,18,1011.6,1024.0,832,1184,62.2,"void at_cuda_detail::cub::detail::scan::DeviceScanInitKernel<at_cuda_detail::cub::ScanTileState<long, (bool)1>>(T1, int)"
